Name,Age
Kimberly Webster,83
Justin Cooke,84
Megan Giles,60
Alison Wright,63
Daniel Costa,59
Kimberly Gonzalez,70
Kimberly Roberts,79
Sue Greene,82
Laura Martin,92
Tim Hawkins,77
Jeremy Vaughn,76
Jennifer Riggs,81
Kathryn Coleman,62
Heather Anderson,91
Kelly Morgan,70
Benjamin Jones,91
Christopher Aguilar,92
Robert Lewis,69
Cody Wilson,98
Scott Ramirez,65
Abigail Lane,91
Christine Barker,94
Patrick Burns,92
Katrina Campos,53
Christina Hughes,97
Daniel Bryant,92
Zachary Sanders,58
Rhonda Gonzalez,92
Miss Denise Guzman,91
Renee Osborne MD,76
Denise Gibson,69
Peter Gross,79
Gene Brown,81
Elizabeth Ross,79
Diane Smith,57
Jeremy Thomas,71
Andrew Johnson,72
Lori Ortiz,74
Amanda Collins,86
Patricia Rice,52
Lisa Turner,66
Miguel Hutchinson,85
Edward Farmer,70
Dylan Shields,67
Colleen Davidson,94
Melissa Johnson,60
Joshua Aguilar,92
Ryan Rhodes,80
Christian Moran,59
Ms. Heather Baker MD,55
Ashley Casey,73
Susan Johnson,80
Olivia Hughes,95
Janet Patel,71
Jeremy Jones,63
Stephanie Wheeler,63
Debbie Key,78
Ashlee Schmidt MD,60
Casey Perez,66
Angela Schneider,95
Deborah Davis,94
Rebecca Elliott,66
Emily Scott,83
Chelsea Archer,58
Richard Blake,58
Jesse Hill,72
Matthew Oconnell,62
Lance Roberson,55
Robert Manning,62
Tyler Scott,79
Matthew Green,51
Joshua Patterson,65
Paul Lang,87
Gregory Lawson,91
Debra Taylor,54
Michael Peters,53
Olivia Key,65
Ryan Proctor,63
Lauren Peters,67
Ashley Brown,70
Lisa Gilbert,64
Antonio Gamble,54
Keith Maldonado,55
Tracey Escobar,61
Ricky Evans,97
Julia Jones,90
Joshua Valdez,74
Timothy Shaw,55
Michael Thompson,61
Emily Espinoza,78
Christy Meyers,70
Ashley Jordan,74
Jacob Webb,91
Dawn Peterson,82
Kelsey Sanchez,66
Michelle Cohen,96
Jamie Thomas,97
Erica Tyler,55
Christina Collins,67
Jorge Stevens,59
